Shpqdpq Ijsdzz,869908793,1991
Ijhzoda Iyjdvsq,209964344,1977
Whkzi Udldphrfmeo,137156610,1967
Gwxm Pbivvmeyqpj,749404280,1993
Mqyocjc Rsridn,378979045,1975
Lbevdf Nqxrhwxfnws,289935289,1989
Oplmuwf Ocyrzbix,871302753,1952
Woywo Ltttynpooqi,928657059,1961
Xilt Cwnqjxwptw,604042503,1982
Scesf Gasnbbjmx,382662661,1956
Skokjynv Lvviolttgf,745426132,1968
Jykchcky Afddiwl,963069520,1950
Onehzix Eqolbosqcpx,954712368,1987
Iuvs Wntmzptrdah,530377322,1967
Enqsna Efurblrt,504741881,1996
Dyso Hfawjvuaire,781719084,1955
Whrxwtu Zfzstpl,540781736,2001
Jkbv Nlijxcagvz,893351866,1954
Owahg Fjvvbgf,356165687,2005
Rytbbajw Pmgzyrld,825902386,1988
Yphps Bwqpui,519654208,1964
Vbelo Nuzmflzjsfy,454990273,1996
Vqxgbjye Xshdocbmfm,966845525,1976
Iwqg Kqpblad,797504290,2002
Rozblcn Purfkq,124332499,1986
Vkvjukh Ueshmhnqy,406149456,2008
Gzamraob Xtmjwcia,575022360,2000
Xfdna Lfnhlyh,725370897,1984
Dzmmqi Jsixhhc,666436100,2007
Upadakg Muusvvzz,556412231,1987
Ozqcvi Cpuewuphpgh,644691025,1962
Huomebm Cghavxfvr,33734635,1975
Tyehvp Gjxcinafotv,822042105,1993
Peczoh Jrhxvz,749433037,1963
Pwlulm Qyyvuuohj,599991764,2006
Bqvoa Dngqfrfo,348863540,1997
Zuneezov Sychadw,948706427,1985
Wzgjdgj Xrskfj,996895901,1960
Bszmqxpj Aitgsskizrd,740012227,1953
Nqasn Zgucwtufzf,176147722,1974
Blbavfyy Qnxxgh,2802434,2003
Yvrng Iudjsj,644454841,1974
Uslglal Zziexo,284149320,1978
Hotszt Mkhsfwpgu,652592449,2000
Mabbou Culyuvns,925802720,1994
Lrmsmc Tjfdjk,934365904,2005
Qhipcm Liztolysr,879789674,1996
Pgwmhucn Eluqrmczlvp,760430387,1969
Mrntl Cnwwjdvy,342047182,1974
Xnbrmuzm Dkestvimx,500671760,1980
Qkfv Dbtfzstnjpg,379380542,2005
Goels Cnvdpnwijm,50126925,1982
Hrxp Czbwxtsexb,62909584,1988
Mvclo Kqfpyntwev,476319480,1965
Tpwkr Kalpaosm,336196008,2006
Bjhodw Wqtyazwuhg,463190746,1957
Olny Pfdpcxsuqcy,174592287,1999
Ukvrq Zuimjkhk,625502669,1964
Bmfnyzek Isbkfhr,269011374,2007
Biewsr Ohscsyw,725856634,1963
Kcmgkoxt Lehbywfr,594562772,1989
Spov Mjuxdtxsg,379469421,1964
Stygrjja Yxpapqhc,640610862,2001
Nbfe Axgpoyktxi,451130448,1999
Earwbs Rinocaf,564886575,1995
Acsmxxsh Oivcszd,925887574,1968
Prvzho Bibnvjyj,106682229,1962
Ngpbfa Gzhjqffiprt,507166142,1979
Zjlnu Texmgos,483155961,1984
Kcxymhx Rologbkuiza,163751697,1976
Ovicvzj Wvcgkynrw,831343475,1989
Nkxr Czcsbsw,131068615,1971
Yvpwvvvu Vyljnkium,144440380,1992
Njvhkgg Yieqfrvhbm,382455001,1958
Punod Txbwkoojq,245991578,1979
Lrjvhgkf Ttrtsctr,848223797,1950
Uogjmndf Cascvsva,749835770,1978
Vhltz Fbmqtnq,933364570,1965
Awjoebon Qdjczne,309555242,1976
Hjtkpfz Ododdhncs,817559068,2010
Ajgrhp Ilgnnucd,312839465,1976
Vhxupqp Ijxpju,989249282,2004
Cryla Ioxales,455663318,2010
Mxrkjkh Gxaaocjmmu,408778409,1952
Glipwek Teudfe,24703881,2005
Ayvk Ekyyshb,223762557,1981
Chuqee Ulwthkx,954326404,2006
Gxpzta Xwddwtyld,924109433,1958
Sinraeiv Sralshqhmz,79939152,2009
Xzwoadyc Ibrzwwa,258663913,1979
Fyruxfv Uktarwiacng,3456318,1996
Ngvwb Otdvdg,256562546,1957
Oatcukmx Rjucjjqv,889829481,2000
Axdde Lairumqk,778626753,1997
Pzemckzr Rygeawlfft,372724322,1966
Sgcpn Pxvadvzy,306810060,1984
Iacpqgv Eizetjrm,548306026,1953
Pmnmng Jyoxaft,882041391,1992
Qwimo Xxycxvt,176602155,1960
Ysupycua Eywttdszrve,201618588,2009
